[
  {
    "slug": "feet-to-meters-converter",
    "title": "Feet \u21c4 Meters Converter",
    "description": "Instantly convert between feet, meters, inches, and centimeters.",
    "h1": "Feet \u21c4 Meters Converter (and more)",
    "lede": "Quickly convert imperial \u2194 metric for DIY, travel, and work.",
    "steps": [
      "Enter a value.",
      "Choose the units to convert from and to.",
      "Click Convert."
    ],
    "calculator_component": "unit-converter",
    "calculator_js": "unit-converter.js",
    "calc_title": "Convert units",
    "category": "Home DIY Calculators",
    "tips": [
      "Round to practical precision for cutting materials.",
      "Double-check units on receipts and plans."
    ],
    "recommendations": [
      {
        "name": "All-in-one measuring tape",
        "blurb": "Dual-scale with metric/imperial.",
        "url": "https://www.amazon.com/s?k=dual+scale+measuring+tape"
      },
      {
        "name": "Digital calipers",
        "blurb": "Fast and precise measurements.",
        "url": "https://www.amazon.com/s?k=digital+calipers"
      }
    ]
  },
  {
    "slug": "paint-needed-calculator",
    "title": "Paint Needed Calculator",
    "description": "Estimate gallons of paint required by area, coats, and coverage.",
    "h1": "Paint Needed Calculator",
    "lede": "Avoid extra trips\u2014estimate paint before you buy.",
    "steps": [
      "Measure wall area in square feet.",
      "Select coats and coverage.",
      "Calculate to see gallons and cans."
    ],
    "calculator_component": "paint-estimator",
    "calculator_js": "paint-estimator.js",
    "calc_title": "Estimate paint",
    "category": "Home DIY Calculators",
    "tips": [
      "Add 10% for texture or rough walls.",
      "Primer may improve coverage and reduce coats."
    ],
    "recommendations": [
      {
        "name": "High-coverage interior paint",
        "blurb": "Fewer coats, better finish.",
        "url": "https://www.amazon.com/s?k=interior+paint"
      },
      {
        "name": "Quality roller kit",
        "blurb": "Smoother application, less lint.",
        "url": "https://www.amazon.com/s?k=paint+roller+kit"
      }
    ]
  },
  {
    "slug": "board-feet-calculator",
    "title": "Board Feet Calculator",
    "description": "Compute board feet from thickness, width, and length.",
    "h1": "Board Feet Calculator",
    "lede": "Plan lumber purchases accurately for your next build.",
    "steps": [
      "Measure thickness and width in inches.",
      "Measure length in feet.",
      "Click Calculate."
    ],
    "calculator_component": "boardfeet-calc",
    "calculator_js": "boardfeet-calc.js",
    "calc_title": "Calculate board feet",
    "category": "Shop & Woodworking",
    "tips": [
      "Buy 10\u201315% extra to account for defects.",
      "Confirm if seller bills by board feet or by piece."
    ],
    "recommendations": [
      {
        "name": "Moisture meter",
        "blurb": "Check wood before finishing.",
        "url": "https://www.amazon.com/s?k=wood+moisture+meter"
      },
      {
        "name": "Joiner biscuits",
        "blurb": "Stronger, aligned joints.",
        "url": "https://www.amazon.com/s?k=woodworking+biscuits"
      }
    ]
  },
  {
    "slug": "shipping-dimensional-weight",
    "title": "Shipping Dimensional Weight Calculator",
    "description": "Calculate billable weight for air or ground using divisors.",
    "h1": "Dimensional Weight (DIM) Calculator",
    "lede": "Estimate carrier-billed weight and avoid surprises.",
    "steps": [
      "Enter package dimensions in inches.",
      "Pick divisor for air or ground.",
      "Compute billable dim weight."
    ],
    "calculator_component": "dim-weight",
    "calculator_js": "dim-weight.js",
    "calc_title": "Compute DIM weight",
    "category": "Travel & Shipping",
    "tips": [
      "Carriers round up to the next pound.",
      "Use the smallest box that protects your item."
    ],
    "recommendations": [
      {
        "name": "Shipping scale",
        "blurb": "Accurate to 0.1 lb.",
        "url": "https://www.amazon.com/s?k=shipping+scale"
      },
      {
        "name": "Box variety pack",
        "blurb": "Right size reduces DIM charges.",
        "url": "https://www.amazon.com/s?k=shipping+boxes"
      }
    ]
  },
  {
    "slug": "bicycle-gear-inches",
    "title": "Bicycle Gear Inches Calculator",
    "description": "Compute gear inches from chainring, cog, and wheel size.",
    "h1": "Bicycle Gear Inches Calculator",
    "lede": "Compare setups and feel before you swap cogs.",
    "steps": [
      "Enter front and rear teeth count.",
      "Enter wheel diameter.",
      "Calculate gear inches."
    ],
    "calculator_component": "gear-inches",
    "calculator_js": "gear-inches.js",
    "calc_title": "Calculate gear inches",
    "category": "PC & Tech Sizing",
    "tips": [
      "Bigger gear inches = harder but faster.",
      "Try multiple cogs to match your terrain."
    ],
    "recommendations": [
      {
        "name": "Chain whip + lockring tool",
        "blurb": "Swap cogs safely.",
        "url": "https://www.amazon.com/s?k=chain+whip+tool"
      },
      {
        "name": "Tire size chart",
        "blurb": "Match actual diameter.",
        "url": "https://www.amazon.com/s?k=bike+tire+27+inch"
      }
    ]
  },
  {
    "slug": "room-ac-btu-calculator",
    "title": "Room AC BTU Calculator",
    "description": "Estimate cooling capacity needed by room size and exposure.",
    "h1": "Room AC BTU Calculator",
    "lede": "Right\u2011size your portable or window AC unit.",
    "steps": [
      "Measure the room area.",
      "Pick sun exposure.",
      "Estimate BTUs."
    ],
    "calculator_component": "room-btu",
    "calculator_js": "room-btu.js",
    "calc_title": "Estimate BTUs",
    "category": "Home DIY Calculators",
    "tips": [
      "High ceilings need more capacity.",
      "South\u2011facing rooms get hotter in summer."
    ],
    "recommendations": [
      {
        "name": "Portable AC units",
        "blurb": "Pick the right capacity.",
        "url": "https://www.amazon.com/s?k=portable+air+conditioner"
      },
      {
        "name": "Insulating curtains",
        "blurb": "Reduce heat gain.",
        "url": "https://www.amazon.com/s?k=thermal+curtains"
      }
    ]
  },
  {
    "slug": "paint-needed-calculator-v1",
    "title": "Paint Needed Calculator (v1)",
    "description": "Estimate gallons of paint required by area, coats, and coverage.",
    "h1": "Paint Needed Calculator",
    "lede": "Avoid extra trips\u2014estimate paint before you buy.",
    "steps": [
      "Measure wall area in square feet.",
      "Select coats and coverage.",
      "Calculate to see gallons and cans."
    ],
    "calculator_component": "paint-estimator",
    "calculator_js": "paint-estimator.js",
    "calc_title": "Estimate paint",
    "category": "Home DIY Calculators",
    "tips": [
      "Add 10% for texture or rough walls.",
      "Primer may improve coverage and reduce coats."
    ],
    "recommendations": [
      {
        "name": "High-coverage interior paint",
        "blurb": "Fewer coats, better finish.",
        "url": "https://www.amazon.com/s?k=interior+paint"
      },
      {
        "name": "Quality roller kit",
        "blurb": "Smoother application, less lint.",
        "url": "https://www.amazon.com/s?k=paint+roller+kit"
      }
    ]
  },
  {
    "slug": "board-feet-calculator-v2",
    "title": "Board Feet Calculator (v2)",
    "description": "Compute board feet from thickness, width, and length.",
    "h1": "Board Feet Calculator",
    "lede": "Plan lumber purchases accurately for your next build.",
    "steps": [
      "Measure thickness and width in inches.",
      "Measure length in feet.",
      "Click Calculate."
    ],
    "calculator_component": "boardfeet-calc",
    "calculator_js": "boardfeet-calc.js",
    "calc_title": "Calculate board feet",
    "category": "Shop & Woodworking",
    "tips": [
      "Buy 10\u201315% extra to account for defects.",
      "Confirm if seller bills by board feet or by piece."
    ],
    "recommendations": [
      {
        "name": "Moisture meter",
        "blurb": "Check wood before finishing.",
        "url": "https://www.amazon.com/s?k=wood+moisture+meter"
      },
      {
        "name": "Joiner biscuits",
        "blurb": "Stronger, aligned joints.",
        "url": "https://www.amazon.com/s?k=woodworking+biscuits"
      }
    ]
  },
  {
    "slug": "shipping-dimensional-weight-v3",
    "title": "Shipping Dimensional Weight Calculator (v3)",
    "description": "Calculate billable weight for air or ground using divisors.",
    "h1": "Dimensional Weight (DIM) Calculator",
    "lede": "Estimate carrier-billed weight and avoid surprises.",
    "steps": [
      "Enter package dimensions in inches.",
      "Pick divisor for air or ground.",
      "Compute billable dim weight."
    ],
    "calculator_component": "dim-weight",
    "calculator_js": "dim-weight.js",
    "calc_title": "Compute DIM weight",
    "category": "Travel & Shipping",
    "tips": [
      "Carriers round up to the next pound.",
      "Use the smallest box that protects your item."
    ],
    "recommendations": [
      {
        "name": "Shipping scale",
        "blurb": "Accurate to 0.1 lb.",
        "url": "https://www.amazon.com/s?k=shipping+scale"
      },
      {
        "name": "Box variety pack",
        "blurb": "Right size reduces DIM charges.",
        "url": "https://www.amazon.com/s?k=shipping+boxes"
      }
    ]
  },
  {
    "slug": "bicycle-gear-inches-v4",
    "title": "Bicycle Gear Inches Calculator (v4)",
    "description": "Compute gear inches from chainring, cog, and wheel size.",
    "h1": "Bicycle Gear Inches Calculator",
    "lede": "Compare setups and feel before you swap cogs.",
    "steps": [
      "Enter front and rear teeth count.",
      "Enter wheel diameter.",
      "Calculate gear inches."
    ],
    "calculator_component": "gear-inches",
    "calculator_js": "gear-inches.js",
    "calc_title": "Calculate gear inches",
    "category": "PC & Tech Sizing",
    "tips": [
      "Bigger gear inches = harder but faster.",
      "Try multiple cogs to match your terrain."
    ],
    "recommendations": [
      {
        "name": "Chain whip + lockring tool",
        "blurb": "Swap cogs safely.",
        "url": "https://www.amazon.com/s?k=chain+whip+tool"
      },
      {
        "name": "Tire size chart",
        "blurb": "Match actual diameter.",
        "url": "https://www.amazon.com/s?k=bike+tire+27+inch"
      }
    ]
  },
  {
    "slug": "room-ac-btu-calculator-v5",
    "title": "Room AC BTU Calculator (v5)",
    "description": "Estimate cooling capacity needed by room size and exposure.",
    "h1": "Room AC BTU Calculator",
    "lede": "Right\u2011size your portable or window AC unit.",
    "steps": [
      "Measure the room area.",
      "Pick sun exposure.",
      "Estimate BTUs."
    ],
    "calculator_component": "room-btu",
    "calculator_js": "room-btu.js",
    "calc_title": "Estimate BTUs",
    "category": "Home DIY Calculators",
    "tips": [
      "High ceilings need more capacity.",
      "South\u2011facing rooms get hotter in summer."
    ],
    "recommendations": [
      {
        "name": "Portable AC units",
        "blurb": "Pick the right capacity.",
        "url": "https://www.amazon.com/s?k=portable+air+conditioner"
      },
      {
        "name": "Insulating curtains",
        "blurb": "Reduce heat gain.",
        "url": "https://www.amazon.com/s?k=thermal+curtains"
      }
    ]
  },
  {
    "slug": "feet-to-meters-converter-v6",
    "title": "Feet \u21c4 Meters Converter (v6)",
    "description": "Instantly convert between feet, meters, inches, and centimeters.",
    "h1": "Feet \u21c4 Meters Converter (and more)",
    "lede": "Quickly convert imperial \u2194 metric for DIY, travel, and work.",
    "steps": [
      "Enter a value.",
      "Choose the units to convert from and to.",
      "Click Convert."
    ],
    "calculator_component": "unit-converter",
    "calculator_js": "unit-converter.js",
    "calc_title": "Convert units",
    "category": "Home DIY Calculators",
    "tips": [
      "Round to practical precision for cutting materials.",
      "Double-check units on receipts and plans."
    ],
    "recommendations": [
      {
        "name": "All-in-one measuring tape",
        "blurb": "Dual-scale with metric/imperial.",
        "url": "https://www.amazon.com/s?k=dual+scale+measuring+tape"
      },
      {
        "name": "Digital calipers",
        "blurb": "Fast and precise measurements.",
        "url": "https://www.amazon.com/s?k=digital+calipers"
      }
    ]
  },
  {
    "slug": "paint-needed-calculator-v7",
    "title": "Paint Needed Calculator (v7)",
    "description": "Estimate gallons of paint required by area, coats, and coverage.",
    "h1": "Paint Needed Calculator",
    "lede": "Avoid extra trips\u2014estimate paint before you buy.",
    "steps": [
      "Measure wall area in square feet.",
      "Select coats and coverage.",
      "Calculate to see gallons and cans."
    ],
    "calculator_component": "paint-estimator",
    "calculator_js": "paint-estimator.js",
    "calc_title": "Estimate paint",
    "category": "Home DIY Calculators",
    "tips": [
      "Add 10% for texture or rough walls.",
      "Primer may improve coverage and reduce coats."
    ],
    "recommendations": [
      {
        "name": "High-coverage interior paint",
        "blurb": "Fewer coats, better finish.",
        "url": "https://www.amazon.com/s?k=interior+paint"
      },
      {
        "name": "Quality roller kit",
        "blurb": "Smoother application, less lint.",
        "url": "https://www.amazon.com/s?k=paint+roller+kit"
      }
    ]
  },
  {
    "slug": "board-feet-calculator-v8",
    "title": "Board Feet Calculator (v8)",
    "description": "Compute board feet from thickness, width, and length.",
    "h1": "Board Feet Calculator",
    "lede": "Plan lumber purchases accurately for your next build.",
    "steps": [
      "Measure thickness and width in inches.",
      "Measure length in feet.",
      "Click Calculate."
    ],
    "calculator_component": "boardfeet-calc",
    "calculator_js": "boardfeet-calc.js",
    "calc_title": "Calculate board feet",
    "category": "Shop & Woodworking",
    "tips": [
      "Buy 10\u201315% extra to account for defects.",
      "Confirm if seller bills by board feet or by piece."
    ],
    "recommendations": [
      {
        "name": "Moisture meter",
        "blurb": "Check wood before finishing.",
        "url": "https://www.amazon.com/s?k=wood+moisture+meter"
      },
      {
        "name": "Joiner biscuits",
        "blurb": "Stronger, aligned joints.",
        "url": "https://www.amazon.com/s?k=woodworking+biscuits"
      }
    ]
  },
  {
    "slug": "shipping-dimensional-weight-v9",
    "title": "Shipping Dimensional Weight Calculator (v9)",
    "description": "Calculate billable weight for air or ground using divisors.",
    "h1": "Dimensional Weight (DIM) Calculator",
    "lede": "Estimate carrier-billed weight and avoid surprises.",
    "steps": [
      "Enter package dimensions in inches.",
      "Pick divisor for air or ground.",
      "Compute billable dim weight."
    ],
    "calculator_component": "dim-weight",
    "calculator_js": "dim-weight.js",
    "calc_title": "Compute DIM weight",
    "category": "Travel & Shipping",
    "tips": [
      "Carriers round up to the next pound.",
      "Use the smallest box that protects your item."
    ],
    "recommendations": [
      {
        "name": "Shipping scale",
        "blurb": "Accurate to 0.1 lb.",
        "url": "https://www.amazon.com/s?k=shipping+scale"
      },
      {
        "name": "Box variety pack",
        "blurb": "Right size reduces DIM charges.",
        "url": "https://www.amazon.com/s?k=shipping+boxes"
      }
    ]
  },
  {
    "slug": "bicycle-gear-inches-v10",
    "title": "Bicycle Gear Inches Calculator (v10)",
    "description": "Compute gear inches from chainring, cog, and wheel size.",
    "h1": "Bicycle Gear Inches Calculator",
    "lede": "Compare setups and feel before you swap cogs.",
    "steps": [
      "Enter front and rear teeth count.",
      "Enter wheel diameter.",
      "Calculate gear inches."
    ],
    "calculator_component": "gear-inches",
    "calculator_js": "gear-inches.js",
    "calc_title": "Calculate gear inches",
    "category": "PC & Tech Sizing",
    "tips": [
      "Bigger gear inches = harder but faster.",
      "Try multiple cogs to match your terrain."
    ],
    "recommendations": [
      {
        "name": "Chain whip + lockring tool",
        "blurb": "Swap cogs safely.",
        "url": "https://www.amazon.com/s?k=chain+whip+tool"
      },
      {
        "name": "Tire size chart",
        "blurb": "Match actual diameter.",
        "url": "https://www.amazon.com/s?k=bike+tire+27+inch"
      }
    ]
  },
  {
    "slug": "room-ac-btu-calculator-v11",
    "title": "Room AC BTU Calculator (v11)",
    "description": "Estimate cooling capacity needed by room size and exposure.",
    "h1": "Room AC BTU Calculator",
    "lede": "Right\u2011size your portable or window AC unit.",
    "steps": [
      "Measure the room area.",
      "Pick sun exposure.",
      "Estimate BTUs."
    ],
    "calculator_component": "room-btu",
    "calculator_js": "room-btu.js",
    "calc_title": "Estimate BTUs",
    "category": "Home DIY Calculators",
    "tips": [
      "High ceilings need more capacity.",
      "South\u2011facing rooms get hotter in summer."
    ],
    "recommendations": [
      {
        "name": "Portable AC units",
        "blurb": "Pick the right capacity.",
        "url": "https://www.amazon.com/s?k=portable+air+conditioner"
      },
      {
        "name": "Insulating curtains",
        "blurb": "Reduce heat gain.",
        "url": "https://www.amazon.com/s?k=thermal+curtains"
      }
    ]
  },
  {
    "slug": "feet-to-meters-converter-v12",
    "title": "Feet \u21c4 Meters Converter (v12)",
    "description": "Instantly convert between feet, meters, inches, and centimeters.",
    "h1": "Feet \u21c4 Meters Converter (and more)",
    "lede": "Quickly convert imperial \u2194 metric for DIY, travel, and work.",
    "steps": [
      "Enter a value.",
      "Choose the units to convert from and to.",
      "Click Convert."
    ],
    "calculator_component": "unit-converter",
    "calculator_js": "unit-converter.js",
    "calc_title": "Convert units",
    "category": "Home DIY Calculators",
    "tips": [
      "Round to practical precision for cutting materials.",
      "Double-check units on receipts and plans."
    ],
    "recommendations": [
      {
        "name": "All-in-one measuring tape",
        "blurb": "Dual-scale with metric/imperial.",
        "url": "https://www.amazon.com/s?k=dual+scale+measuring+tape"
      },
      {
        "name": "Digital calipers",
        "blurb": "Fast and precise measurements.",
        "url": "https://www.amazon.com/s?k=digital+calipers"
      }
    ]
  },
  {
    "slug": "paint-needed-calculator-v13",
    "title": "Paint Needed Calculator (v13)",
    "description": "Estimate gallons of paint required by area, coats, and coverage.",
    "h1": "Paint Needed Calculator",
    "lede": "Avoid extra trips\u2014estimate paint before you buy.",
    "steps": [
      "Measure wall area in square feet.",
      "Select coats and coverage.",
      "Calculate to see gallons and cans."
    ],
    "calculator_component": "paint-estimator",
    "calculator_js": "paint-estimator.js",
    "calc_title": "Estimate paint",
    "category": "Home DIY Calculators",
    "tips": [
      "Add 10% for texture or rough walls.",
      "Primer may improve coverage and reduce coats."
    ],
    "recommendations": [
      {
        "name": "High-coverage interior paint",
        "blurb": "Fewer coats, better finish.",
        "url": "https://www.amazon.com/s?k=interior+paint"
      },
      {
        "name": "Quality roller kit",
        "blurb": "Smoother application, less lint.",
        "url": "https://www.amazon.com/s?k=paint+roller+kit"
      }
    ]
  },
  {
    "slug": "board-feet-calculator-v14",
    "title": "Board Feet Calculator (v14)",
    "description": "Compute board feet from thickness, width, and length.",
    "h1": "Board Feet Calculator",
    "lede": "Plan lumber purchases accurately for your next build.",
    "steps": [
      "Measure thickness and width in inches.",
      "Measure length in feet.",
      "Click Calculate."
    ],
    "calculator_component": "boardfeet-calc",
    "calculator_js": "boardfeet-calc.js",
    "calc_title": "Calculate board feet",
    "category": "Shop & Woodworking",
    "tips": [
      "Buy 10\u201315% extra to account for defects.",
      "Confirm if seller bills by board feet or by piece."
    ],
    "recommendations": [
      {
        "name": "Moisture meter",
        "blurb": "Check wood before finishing.",
        "url": "https://www.amazon.com/s?k=wood+moisture+meter"
      },
      {
        "name": "Joiner biscuits",
        "blurb": "Stronger, aligned joints.",
        "url": "https://www.amazon.com/s?k=woodworking+biscuits"
      }
    ]
  }
]